Model,Precision,Recall,F1,ROC_AUC,PR_AUC
Logistic Regression,0.47668393782383417,0.9108910891089109,0.6258503401360545,0.9683491284908307,0.7842073498220966
Random Forest,0.628099173553719,0.7524752475247525,0.6846846846846847,0.9672994822418022,0.7639328795136494
XGBoost,0.6460176991150443,0.7227722772277227,0.6822429906542056,0.9607694714425571,0.7948716343555355
